"text","favorited","favoriteCount","replyToSN","created","truncated","replyToSID","id","replyToUID","statusSource","screenName","retweetCount","isRetweet","retweeted","longitude","latitude"
"Good news for US pork industry as ASF is top of mind - https://t.co/mUjMwbwB6F",FALSE,0,NA,2019-03-07 16:02:43,FALSE,NA,"1103687429582741505",NA,"<a href=\"http://www.salesforce.com\" rel=\"nofollow\">Salesforce - Social Studio</a>","automed_OS",0,FALSE,FALSE,NA,NA
"Your vehicle's climate control system works to maintain a comfortable cabin environment. Meaning your A/C works pro‚Ä¶ https://t.co/3rFYN0wjQF",FALSE,0,NA,2019-03-07 16:02:43,TRUE,NA,"1103687428626399232",NA,"<a href=\"http://app.sendblur.com\" rel=\"nofollow\">Social Media Publisher App </a>","Chalkville_Auto",0,FALSE,FALSE,NA,NA
"RT @JacySellers: When a local obituary triggers Norah's ghostly nightmares, she realizes the circumstances of the deceased's death mirror a‚Ä¶",FALSE,0,NA,2019-03-07 16:02:42,FALSE,NA,"1103687426869026818",NA,"<a href=\"http://twitter.com/download/iphone\" rel=\"nofollow\">Twitter for iPhone</a>","KateMathos",148,TRUE,FALSE,NA,NA
"RT @ubazxo: Why did teachers used to get so offended when u wore your jacket in the class like bitch im just cold and ur acting like ive go‚Ä¶",FALSE,0,NA,2019-03-07 16:02:41,FALSE,NA,"1103687420636098561",NA,"<a href=\"http://twitter.com/download/iphone\" rel=\"nofollow\">Twitter for iPhone</a>","ChampagneBebba",2655,TRUE,FALSE,NA,NA
"@TheMageling I remember it almost as one remembers a fever dream.",FALSE,0,"TheMageling",2019-03-07 16:02:35,FALSE,"1103426525804875779","1103687398150463489","16512902","<a href=\"http://twitter.com/download/iphone\" rel=\"nofollow\">Twitter for iPhone</a>","JanetFawn",0,FALSE,FALSE,NA,NA
"RT @SrBrownMV: A huge thank you to Debra Brendemuehl for coming tonight (in the freezing cold!) to our @CurtisGuildPC Family Council meetin‚Ä¶",FALSE,0,NA,2019-03-07 16:02:35,FALSE,NA,"1103687395080200193",NA,"<a href=\"http://twitter.com\" rel=\"nofollow\">Twitter Web Client</a>","SafeRoutesBOS",2,TRUE,FALSE,NA,NA
"RT @EricHolthaus: It may be cold where you are, but it's already spring across most of the Southeast.

The first leaves and blooms are alre‚Ä¶",FALSE,0,NA,2019-03-07 16:02:34,FALSE,NA,"1103687392479928320",NA,"<a href=\"http://twitter.com/download/iphone\" rel=\"nofollow\">Twitter for iPhone</a>","Big_TMorelli",308,TRUE,FALSE,NA,NA
"@LB_GameOfLife @AFP And I really don't care what radio stations do. They wanted to ban, and some did, 'Baby It's Co‚Ä¶ https://t.co/el8pXSW4CC",FALSE,0,"LB_GameOfLife",2019-03-07 16:02:32,TRUE,"1103685067556044800","1103687385324417025","744188912","<a href=\"http://twitter.com/download/android\" rel=\"nofollow\">Twitter for Android</a>","telekinetica",0,FALSE,FALSE,NA,NA
"Machado Fever much? I was 100% convinced that when I check my email this morning Starbucks had created a Manny Mach‚Ä¶ https://t.co/Thuzh9OLiI",FALSE,0,NA,2019-03-07 16:02:28,TRUE,NA,"1103687366013644800",NA,"<a href=\"http://twitter.com/#!/download/ipad\" rel=\"nofollow\">Twitter for iPad</a>","sivart",0,FALSE,FALSE,NA,NA
"RT @daisymarquez_: I‚Äôm sick and tired of this cold shitty weather",FALSE,0,NA,2019-03-07 16:02:27,FALSE,NA,"1103687362004111361",NA,"<a href=\"http://twitter.com/download/iphone\" rel=\"nofollow\">Twitter for iPhone</a>","lulgirljayy",6306,TRUE,FALSE,NA,NA
"RT @AssangeMrs: Rachael Maddow EXPOSED!

High paid US \"cold war propagandist\" commentator, Rachel Maddow

is outright lying to US audiences‚Ä¶",FALSE,0,NA,2019-03-07 16:02:27,FALSE,NA,"1103687361907417088",NA,"<a href=\"http://twitter.com/download/iphone\" rel=\"nofollow\">Twitter for iPhone</a>","callmefiasco",296,TRUE,FALSE,NA,NA
"LMFAO MY MOM IS WILD! I translated ‚Äúhoes never get cold‚Äù in Spanish for her and now she‚Äôs using it with my sister üòÇüíÄ https://t.co/RRpy8FJoV0",FALSE,0,NA,2019-03-07 16:02:25,FALSE,NA,"1103687356207517697",NA,"<a href=\"http://twitter.com/download/iphone\" rel=\"nofollow\">Twitter for iPhone</a>","XOAnaDmgz23",0,FALSE,FALSE,NA,NA
"RT @ubazxo: Why did teachers used to get so offended when u wore your jacket in the class like bitch im just cold and ur acting like ive go‚Ä¶",FALSE,0,NA,2019-03-07 16:02:25,FALSE,NA,"1103687354785714181",NA,"<a href=\"http://twitter.com/download/iphone\" rel=\"nofollow\">Twitter for iPhone</a>","amyahnicole",2655,TRUE,FALSE,NA,NA
"Yesterday was too cold for our winter field trip so 1st/2nd Science students worked on their field journals then ha‚Ä¶ https://t.co/gEzltr5nAs",FALSE,1,NA,2019-03-07 16:02:25,TRUE,NA,"1103687353862889472",NA,"<a href=\"http://twitter.com/download/android\" rel=\"nofollow\">Twitter for Android</a>","MrsTonya_LPS",0,FALSE,FALSE,NA,NA
"RT @shortybreeze: I think I‚Äôm gonna take a page out of @QueenImani_‚Äôs book and celebrate my half birthday this year. I‚Äôm tired of celebrati‚Ä¶",FALSE,0,NA,2019-03-07 16:02:24,FALSE,NA,"1103687350943711238",NA,"<a href=\"http://twitter.com/download/iphone\" rel=\"nofollow\">Twitter for iPhone</a>","FLOCKAfierce",1,TRUE,FALSE,NA,NA
"@YouGotSnowd I'm a cerealist (orthodox) corn flakes ice cold milk sliced banana",FALSE,0,"YouGotSnowd",2019-03-07 16:02:23,FALSE,"1103672630161289216","1103687346824929280","216593475","<a href=\"http://twitter.com\" rel=\"nofollow\">Twitter Web Client</a>","joeybischoff",0,FALSE,FALSE,NA,NA
"RT @daisymarquez_: I‚Äôm sick and tired of this cold shitty weather",FALSE,0,NA,2019-03-07 16:02:23,FALSE,NA,"1103687345709240321",NA,"<a href=\"http://twitter.com/download/iphone\" rel=\"nofollow\">Twitter for iPhone</a>","_qveenteara",6306,TRUE,FALSE,NA,NA
"RT @ubazxo: Why did teachers used to get so offended when u wore your jacket in the class like bitch im just cold and ur acting like ive go‚Ä¶",FALSE,0,NA,2019-03-07 16:02:23,FALSE,NA,"1103687345574952961",NA,"<a href=\"http://twitter.com/download/iphone\" rel=\"nofollow\">Twitter for iPhone</a>","Raychee45",2655,TRUE,FALSE,NA,NA
"RT @wsyx6: #BREAKING A 3-year-old Columbus boy has died from complications from the flu. This is the 4th flu-associated death of a child in‚Ä¶",FALSE,0,NA,2019-03-07 16:02:23,FALSE,NA,"1103687345042264064",NA,"<a href=\"http://twitter.com/download/iphone\" rel=\"nofollow\">Twitter for iPhone</a>","WeedLibby",9,TRUE,FALSE,NA,NA
"RT @JacySellers: When a local obituary triggers Norah's ghostly nightmares, she realizes the circumstances of the deceased's death mirror a‚Ä¶",FALSE,0,NA,2019-03-07 16:02:23,FALSE,NA,"1103687344152961024",NA,"<a href=\"http://twitter.com/download/android\" rel=\"nofollow\">Twitter for Android</a>","Terquem",147,TRUE,FALSE,NA,NA
"@kendallpotts @OfficialRezz Can confirm because I‚Äôve been under mom‚Äôs hypnosis for a bit and also have had a fever for like 4 days now",FALSE,0,"kendallpotts",2019-03-07 16:02:22,FALSE,"1103491445292523520","1103687342961893377","389807948","<a href=\"http://twitter.com/download/iphone\" rel=\"nofollow\">Twitter for iPhone</a>","hhansen220",0,FALSE,FALSE,NA,NA
"Local hospitals are seeing an uptick in patients with the flu. Dr. Cirino from our Infectious Disease Clinic recent‚Ä¶ https://t.co/WnQHTVOIFp",FALSE,0,NA,2019-03-07 16:02:22,TRUE,NA,"1103687340009185283",NA,"<a href=\"https://www.hootsuite.com\" rel=\"nofollow\">Hootsuite Inc.</a>","ahnw",0,FALSE,FALSE,NA,NA
"RT @ubazxo: Why did teachers used to get so offended when u wore your jacket in the class like bitch im just cold and ur acting like ive go‚Ä¶",FALSE,0,NA,2019-03-07 16:02:20,FALSE,NA,"1103687334845968386",NA,"<a href=\"http://twitter.com/download/iphone\" rel=\"nofollow\">Twitter for iPhone</a>","_peterfox_",2655,TRUE,FALSE,NA,NA
"Metro 4 Fashion: Style that stands out! First impressions really count https://t.co/kgyzl1ooqV https://t.co/jBEj98Ia6b",FALSE,0,NA,2019-03-07 16:02:19,FALSE,NA,"1103687331465347072",NA,"<a href=\"http://twitter.com\" rel=\"nofollow\">Twitter Web Client</a>","EddieJo84829852",0,FALSE,FALSE,NA,NA
"RT @ubazxo: Why did teachers used to get so offended when u wore your jacket in the class like bitch im just cold and ur acting like ive go‚Ä¶",FALSE,0,NA,2019-03-07 16:02:19,FALSE,NA,"1103687328588025856",NA,"<a href=\"http://twitter.com/download/iphone\" rel=\"nofollow\">Twitter for iPhone</a>","issyanw",2655,TRUE,FALSE,NA,NA
"RT @saucefredo_: Them mfs will give you ice cold donuts lmao https://t.co/oEsZLL6XiE",FALSE,0,NA,2019-03-07 16:02:19,FALSE,NA,"1103687328185401345",NA,"<a href=\"http://twitter.com/download/iphone\" rel=\"nofollow\">Twitter for iPhone</a>","VonnieFosterr",4,TRUE,FALSE,NA,NA
"My little Maddi isn't feeling good at all..fingers crossed its not the flu ‚Äî feeling concerned at Omni Medical Group https://t.co/ld8VkqGqT8",FALSE,0,NA,2019-03-07 16:02:18,FALSE,NA,"1103687326729994240",NA,"<a href=\"http://www.facebook.com/twitter\" rel=\"nofollow\">Facebook</a>","tink1075",0,FALSE,FALSE,NA,NA
"@kamarias_mommie I‚Äôm ready to go lol üòÇ it‚Äôs cold here",FALSE,0,"kamarias_mommie",2019-03-07 16:02:16,FALSE,"1103678194157264896","1103687317540257792","282848183","<a href=\"http://twitter.com/download/iphone\" rel=\"nofollow\">Twitter for iPhone</a>","PRETTIETING",0,FALSE,FALSE,NA,NA
"RT @child7mari: Barney decides to stay out in the cold with his new friend. Twisted Tales From A Skewed Mind #fantasy #horror #scifi #humor‚Ä¶",FALSE,0,NA,2019-03-07 16:02:14,FALSE,NA,"1103687308929196037",NA,"<a href=\"http://twitter.com\" rel=\"nofollow\">Twitter Web Client</a>","child7mari",1,TRUE,FALSE,NA,NA
"RT @EveryoneIn_LA: Recirculating this story from @geholland about how cold &amp; rainy weather in L.A. threatens the safety &amp; wellbeing of our‚Ä¶",FALSE,0,NA,2019-03-07 16:02:14,FALSE,NA,"1103687307314360320",NA,"<a href=\"http://twitter.com/download/iphone\" rel=\"nofollow\">Twitter for iPhone</a>","CVCLongBeach",8,TRUE,FALSE,NA,NA
"RT @AssangeMrs: Rachael Maddow EXPOSED!

High paid US \"cold war propagandist\" commentator, Rachel Maddow

is outright lying to US audiences‚Ä¶",FALSE,0,NA,2019-03-07 16:02:13,FALSE,NA,"1103687302503493632",NA,"<a href=\"http://twitter.com/download/android\" rel=\"nofollow\">Twitter for Android</a>","AaronFowler19",296,TRUE,FALSE,NA,NA
"RT @souljaboy: Don‚Äôt put me inna position where I gotta show you how cold this heart gets ü§∑üèΩ‚Äç‚ôÇÔ∏è",FALSE,0,NA,2019-03-07 16:02:12,FALSE,NA,"1103687300373008390",NA,"<a href=\"http://twitter.com/download/iphone\" rel=\"nofollow\">Twitter for iPhone</a>","danahcruz_",4379,TRUE,FALSE,NA,NA
"Thanks @nytopinion for \"This Is the Truth About Vaccines\" https://t.co/71iOZtUUXG And in other #BreakingNews from 2‚Ä¶ https://t.co/R4QdB6d3cW",FALSE,0,NA,2019-03-07 16:02:12,TRUE,NA,"1103687298636439552",NA,"<a href=\"http://twitter.com\" rel=\"nofollow\">Twitter Web Client</a>","DBlumbergPedsID",0,FALSE,FALSE,NA,NA
"Is it cold outside?",FALSE,0,NA,2019-03-07 16:02:11,FALSE,NA,"1103687297390862337",NA,"<a href=\"http://twitter.com/download/iphone\" rel=\"nofollow\">Twitter for iPhone</a>","tatcanthearyou",0,FALSE,FALSE,NA,NA
"Last hours here in paradise before i go back to the cold and work üò© i need a new career where i can work remotely.üò© #whyaminotasocialite",FALSE,0,NA,2019-03-07 16:02:10,FALSE,NA,"1103687290495344643",NA,"<a href=\"http://twitter.com/download/iphone\" rel=\"nofollow\">Twitter for iPhone</a>","libgirltara24",0,FALSE,FALSE,NA,NA
"Cold chain technology continues to grow more sophisticated in the face of increased demand for traceability: https://t.co/Wifbjd7sEi",FALSE,0,NA,2019-03-07 16:02:09,FALSE,NA,"1103687288981204993",NA,"<a href=\"http://www.hubspot.com/\" rel=\"nofollow\">HubSpot</a>","sensaphone",0,FALSE,FALSE,NA,NA
"RT @allisarose: Not to be dramatic or anything but I can‚Äôt go through one more cold day",FALSE,0,NA,2019-03-07 16:02:09,FALSE,NA,"1103687288092065792",NA,"<a href=\"http://twitter.com/download/iphone\" rel=\"nofollow\">Twitter for iPhone</a>","teresaaaa27",104,TRUE,FALSE,NA,NA
"@ChozCake Thanks ü•∞ü•∞ü•∞ everyday is a different type level of the cold. it should be done soon!",FALSE,0,"ChozCake",2019-03-07 16:02:08,FALSE,"1103683181314822149","1103687284610736129","1082266488218796037","<a href=\"http://twitter.com\" rel=\"nofollow\">Twitter Web Client</a>","_Rose_Writes",0,FALSE,FALSE,NA,NA
"RT @_Alejandro20_: No one:

My knee with this cold front: https://t.co/YOyBk8Xedg",FALSE,0,NA,2019-03-07 16:02:06,FALSE,NA,"1103687273797758978",NA,"<a href=\"http://twitter.com/download/iphone\" rel=\"nofollow\">Twitter for iPhone</a>","graccciee_",26818,TRUE,FALSE,NA,NA
"RT @AbuYoshi: You‚Äôre not going to make people sad by telling them you‚Äôre sad. Depression isn‚Äôt the flu, you‚Äôre not a burden.",FALSE,0,NA,2019-03-07 16:02:05,FALSE,NA,"1103687272002658305",NA,"<a href=\"http://twitter.com/download/iphone\" rel=\"nofollow\">Twitter for iPhone</a>","coaIescences",261,TRUE,FALSE,NA,NA
"RT @allisarose: Not to be dramatic or anything but I can‚Äôt go through one more cold day",FALSE,0,NA,2019-03-07 16:02:04,FALSE,NA,"1103687268320137216",NA,"<a href=\"http://twitter.com/download/iphone\" rel=\"nofollow\">Twitter for iPhone</a>","melinda_sue97",104,TRUE,FALSE,NA,NA
"It was a cold day at the zoo that day, but they needed their penguin fix! #sisters #narikojade #ahsokaquinn‚Ä¶ https://t.co/j7BI4lkHUU",FALSE,0,NA,2019-03-07 16:02:04,TRUE,NA,"1103687266789056512",NA,"<a href=\"http://instagram.com\" rel=\"nofollow\">Instagram</a>","Eldalend",0,FALSE,FALSE,"-76.18145969","43.04295893"
"Stg I‚Äôm so fricken sick of being COLD",FALSE,0,NA,2019-03-07 16:02:03,FALSE,NA,"1103687261164576770",NA,"<a href=\"http://twitter.com/download/iphone\" rel=\"nofollow\">Twitter for iPhone</a>","lauren_negrette",0,FALSE,FALSE,NA,NA
"During periods of extreme heat or cold, when consumers need power the most, many nuclear plants are called upon bec‚Ä¶ https://t.co/hS4TqshcHv",FALSE,0,NA,2019-03-07 16:02:02,TRUE,NA,"1103687257511391232",NA,"<a href=\"http://www.hubspot.com/\" rel=\"nofollow\">HubSpot</a>","AWChesterton",0,FALSE,FALSE,NA,NA
"It may be cold outside, but see whats HOT this week inside CycleYOU! https://t.co/oQiwJdxKpT",FALSE,0,NA,2019-03-07 16:02:02,FALSE,NA,"1103687257121275905",NA,"<a href=\"http://www.facebook.com/twitter\" rel=\"nofollow\">Facebook</a>","cycleyou_lex",0,FALSE,FALSE,NA,NA
"RT @ubazxo: Why did teachers used to get so offended when u wore your jacket in the class like bitch im just cold and ur acting like ive go‚Ä¶",FALSE,0,NA,2019-03-07 16:02:00,FALSE,NA,"1103687250527903745",NA,"<a href=\"http://twitter.com/download/iphone\" rel=\"nofollow\">Twitter for iPhone</a>","evansoliviaa",2655,TRUE,FALSE,NA,NA
"From brainstorming through our shared office wall to horrible caricatures, going cold turkey on coffee to accepting‚Ä¶ https://t.co/zdVNR0ZqQ2",FALSE,0,NA,2019-03-07 16:01:59,TRUE,NA,"1103687246341910528",NA,"<a href=\"http://twitter.com\" rel=\"nofollow\">Twitter Web Client</a>","wiselyandlo",0,FALSE,FALSE,NA,NA
"It was one of those March days when the sun shines hot and the wind blows cold: when it is summer in the light, and‚Ä¶ https://t.co/4Bcz9CpBHM",FALSE,0,NA,2019-03-07 16:01:59,TRUE,NA,"1103687245310185472",NA,"<a href=\"http://instagram.com\" rel=\"nofollow\">Instagram</a>","PosLifee",0,FALSE,FALSE,NA,NA
"RT @AssangeMrs: Rachael Maddow EXPOSED!

High paid US \"cold war propagandist\" commentator, Rachel Maddow

is outright lying to US audiences‚Ä¶",FALSE,0,NA,2019-03-07 16:01:59,FALSE,NA,"1103687244991279106",NA,"<a href=\"http://twitter.com/download/android\" rel=\"nofollow\">Twitter for Android</a>","ChristinePFarms",296,TRUE,FALSE,NA,NA
"Barney decides to stay out in the cold with his new friend. Twisted Tales From A Skewed Mind #fantasy #horror‚Ä¶ https://t.co/WZf8h6vDvh",FALSE,1,NA,2019-03-07 16:01:56,TRUE,NA,"1103687234035695616",NA,"<a href=\"http://twitter.com\" rel=\"nofollow\">Twitter Web Client</a>","child7mari",1,FALSE,FALSE,NA,NA
"RT @souljaboy: Don‚Äôt put me inna position where I gotta show you how cold this heart gets ü§∑üèΩ‚Äç‚ôÇÔ∏è",FALSE,0,NA,2019-03-07 16:01:54,FALSE,NA,"1103687226511237120",NA,"<a href=\"http://twitter.com/download/android\" rel=\"nofollow\">Twitter for Android</a>","IzzyTheVillain",4379,TRUE,FALSE,NA,NA
"RT @ubazxo: Why did teachers used to get so offended when u wore your jacket in the class like bitch im just cold and ur acting like ive go‚Ä¶",FALSE,0,NA,2019-03-07 16:01:54,FALSE,NA,"1103687225693351942",NA,"<a href=\"http://twitter.com/download/iphone\" rel=\"nofollow\">Twitter for iPhone</a>","ioveoholics",2655,TRUE,FALSE,NA,NA
"RT @CircleToonsHD: RIGHT NOW, take note at how well you're breathing through your nose. When you get a cold, you forget to appreciate your‚Ä¶",FALSE,0,NA,2019-03-07 16:01:54,FALSE,NA,"1103687222983909377",NA,"<a href=\"http://twitter.com/download/android\" rel=\"nofollow\">Twitter for Android</a>","JarPickled",53,TRUE,FALSE,NA,NA
"@katpotat0 @SwervoUchiha Fucking got down to 6f last night, tell me it isnt cold anymore my ass",FALSE,0,"katpotat0",2019-03-07 16:01:53,FALSE,"1103684504932270080","1103687220861517824","725040748064854021","<a href=\"http://twitter.com/download/android\" rel=\"nofollow\">Twitter for Android</a>","bewitchdcupcake",0,FALSE,FALSE,NA,NA
"Pretty sure I sweated this flu out üôåüèΩ",FALSE,0,NA,2019-03-07 16:01:52,FALSE,NA,"1103687216830640128",NA,"<a href=\"http://twitter.com/download/iphone\" rel=\"nofollow\">Twitter for iPhone</a>","agyeihashim",0,FALSE,FALSE,NA,NA
"RT @ubazxo: Why did teachers used to get so offended when u wore your jacket in the class like bitch im just cold and ur acting like ive go‚Ä¶",FALSE,0,NA,2019-03-07 16:01:51,FALSE,NA,"1103687212846190595",NA,"<a href=\"http://twitter.com/download/iphone\" rel=\"nofollow\">Twitter for iPhone</a>","JesusCares_",2655,TRUE,FALSE,NA,NA
"Loving this jam on a cold day

https://t.co/ICy2jNdlAz",FALSE,0,NA,2019-03-07 16:01:51,FALSE,NA,"1103687212443549696",NA,"<a href=\"http://twitter.com/download/android\" rel=\"nofollow\">Twitter for Android</a>","wyatt_jacquie",0,FALSE,FALSE,NA,NA
"#BREAKING Health officials report a 3-year-old Columbus boy is the first local flu-associated pediatric death of th‚Ä¶ https://t.co/xeOMNIgr36",FALSE,1,NA,2019-03-07 16:01:51,TRUE,NA,"1103687212078694401",NA,"<a href=\"https://about.twitter.com/products/tweetdeck\" rel=\"nofollow\">TweetDeck</a>","10TV",1,FALSE,FALSE,NA,NA
"Is it cold outside?",FALSE,0,NA,2019-03-07 16:01:48,FALSE,NA,"1103687199210569732",NA,"<a href=\"http://twitter.com/download/iphone\" rel=\"nofollow\">Twitter for iPhone</a>","kaydagoddess_",0,FALSE,FALSE,NA,NA
"@Jersey_Craig My furnace was broken,with3 days of a cold house. Fixed yesterday, andwoke up to a warm house this morning !",FALSE,0,"Jersey_Craig",2019-03-07 16:01:48,FALSE,"1103490083691380736","1103687198753390592","22075159","<a href=\"http://twitter.com/download/iphone\" rel=\"nofollow\">Twitter for iPhone</a>","PJCunningham71",0,FALSE,FALSE,NA,NA
"RT @DunkLordsGame: Nicknamed ‚ÄúMore Ice‚Äù because he‚Äôs ice cold on the court, this founder of Dunk Baby Academy was half of a legendary super‚Ä¶",FALSE,0,NA,2019-03-07 16:01:46,FALSE,NA,"1103687191803371520",NA,"<a href=\"http://www.michaelmchambers.co.uk\" rel=\"nofollow\">DevMicrocosmBot</a>","DevMicrocosm",2,TRUE,FALSE,NA,NA
"RT @daisymarquez_: I‚Äôm sick and tired of this cold shitty weather",FALSE,0,NA,2019-03-07 16:01:45,FALSE,NA,"1103687187600691200",NA,"<a href=\"http://twitter.com/download/iphone\" rel=\"nofollow\">Twitter for iPhone</a>","hill_ariyyy",6306,TRUE,FALSE,NA,NA
"@patrickreilly89 It‚Äôs reality. This is why Justin Trudeau moved Cold Lake operations to Ottawa. Or did everyone miss that? #abpoli #canpoli",FALSE,0,"patrickreilly89",2019-03-07 16:01:45,FALSE,"1103523671497302018","1103687185255919616","65185021","<a href=\"http://twitter.com/download/iphone\" rel=\"nofollow\">Twitter for iPhone</a>","mrC69",0,FALSE,FALSE,NA,NA
"RT @ubazxo: Why did teachers used to get so offended when u wore your jacket in the class like bitch im just cold and ur acting like ive go‚Ä¶",FALSE,0,NA,2019-03-07 16:01:44,FALSE,NA,"1103687184383500289",NA,"<a href=\"http://twitter.com/download/iphone\" rel=\"nofollow\">Twitter for iPhone</a>","meeelzg",2655,TRUE,FALSE,NA,NA
"I can‚Äôt be fucked up with this cold shit no mo man ü•¥",FALSE,0,NA,2019-03-07 16:01:43,FALSE,NA,"1103687176917839872",NA,"<a href=\"http://twitter.com/download/iphone\" rel=\"nofollow\">Twitter for iPhone</a>","KvnggC_",0,FALSE,FALSE,NA,NA
"RT @ubazxo: Why did teachers used to get so offended when u wore your jacket in the class like bitch im just cold and ur acting like ive go‚Ä¶",FALSE,0,NA,2019-03-07 16:01:43,FALSE,NA,"1103687176905261057",NA,"<a href=\"http://twitter.com/download/iphone\" rel=\"nofollow\">Twitter for iPhone</a>","dmonty_python",2655,TRUE,FALSE,NA,NA
"Check out BDU Cold Weather Military Army Camouflage Field Jacket Coat Size XL Long  https://t.co/2ZoTKqgzCv via @eBay",FALSE,0,NA,2019-03-07 16:01:41,FALSE,NA,"1103687170173423616",NA,"<a href=\"http://twitter.com\" rel=\"nofollow\">Twitter Web Client</a>","jwthar2",0,FALSE,FALSE,NA,NA
"RT @JacySellers: When a local obituary triggers Norah's ghostly nightmares, she realizes the circumstances of the deceased's death mirror a‚Ä¶",FALSE,0,NA,2019-03-07 16:01:40,FALSE,NA,"1103687167426158592",NA,"<a href=\"http://twitter.com\" rel=\"nofollow\">Twitter Web Client</a>","eakilcoyne",148,TRUE,FALSE,NA,NA
"Benecor offers a unique Cold Weather DEF package designed to withstand even the harshest cold weather conditions ma‚Ä¶ https://t.co/57ro7U7swg",FALSE,0,NA,2019-03-07 16:01:38,TRUE,NA,"1103687155476557824",NA,"<a href=\"https://www.hootsuite.com\" rel=\"nofollow\">Hootsuite Inc.</a>","HuskyNozzle",0,FALSE,FALSE,NA,NA
"RT @erinleecarr: i realized i am a boring person who talks about the weather too much but also why is it so cold",FALSE,0,NA,2019-03-07 16:01:36,FALSE,NA,"1103687147587076096",NA,"<a href=\"http://twitter.com/download/iphone\" rel=\"nofollow\">Twitter for iPhone</a>","michaelkersey31",6,TRUE,FALSE,NA,NA
"Sometimes I wake up in the morning and crave a glass
Of really cold chocolate milk",FALSE,0,NA,2019-03-07 16:01:35,FALSE,NA,"1103687145192128512",NA,"<a href=\"https://mobile.twitter.com\" rel=\"nofollow\">Twitter Web App</a>","Patricia_Riotta",0,FALSE,FALSE,NA,NA
"RT @ubazxo: Why did teachers used to get so offended when u wore your jacket in the class like bitch im just cold and ur acting like ive go‚Ä¶",FALSE,0,NA,2019-03-07 16:01:34,FALSE,NA,"1103687140989378561",NA,"<a href=\"http://twitter.com/download/iphone\" rel=\"nofollow\">Twitter for iPhone</a>","lulgirljayy",2655,TRUE,FALSE,NA,NA
"If you‚Äôve written to me in the past few days and I haven‚Äôt gotten back to you, please know I have the flu again, an‚Ä¶ https://t.co/wtNFy7Xvgb",FALSE,0,NA,2019-03-07 16:01:31,TRUE,NA,"1103687129312514050",NA,"<a href=\"http://twitter.com/download/iphone\" rel=\"nofollow\">Twitter for iPhone</a>","NickiZevola",0,FALSE,FALSE,NA,NA
"RT @ubazxo: Why did teachers used to get so offended when u wore your jacket in the class like bitch im just cold and ur acting like ive go‚Ä¶",FALSE,0,NA,2019-03-07 16:01:30,FALSE,NA,"1103687125860536321",NA,"<a href=\"http://twitter.com/download/iphone\" rel=\"nofollow\">Twitter for iPhone</a>","yunelly_b",2655,TRUE,FALSE,NA,NA
"RT @allisarose: Not to be dramatic or anything but I can‚Äôt go through one more cold day",FALSE,0,NA,2019-03-07 16:01:29,FALSE,NA,"1103687119615246337",NA,"<a href=\"http://twitter.com/download/iphone\" rel=\"nofollow\">Twitter for iPhone</a>","jennarenth",104,TRUE,FALSE,NA,NA
"Cold blooded üò§ https://t.co/lVpkg635nr",FALSE,0,NA,2019-03-07 16:01:29,FALSE,NA,"1103687119397142528",NA,"<a href=\"http://twitter.com/download/android\" rel=\"nofollow\">Twitter for Android</a>","Moh_IbrahimT",0,FALSE,FALSE,NA,NA
"RT @MadMikePolitics: Ahh yes the wonderful state where people take bath salts and eat each others faces, but thank god it‚Äôs not too cold...‚Ä¶",FALSE,0,NA,2019-03-07 16:01:29,FALSE,NA,"1103687118440800256",NA,"<a href=\"http://twitter.com/download/iphone\" rel=\"nofollow\">Twitter for iPhone</a>","MadMikePolitics",1,TRUE,FALSE,NA,NA
"RT @allisarose: Not to be dramatic or anything but I can‚Äôt go through one more cold day",FALSE,0,NA,2019-03-07 16:01:27,FALSE,NA,"1103687112195522560",NA,"<a href=\"http://twitter.com/download/iphone\" rel=\"nofollow\">Twitter for iPhone</a>","carolinedavis_1",104,TRUE,FALSE,NA,NA
"I hate sitting on a cold ass toilet seat 

(The ones at my house, of course)",FALSE,0,NA,2019-03-07 16:01:27,FALSE,NA,"1103687109506928640",NA,"<a href=\"http://twitter.com/download/android\" rel=\"nofollow\">Twitter for Android</a>","theNAMEis_Ny",0,FALSE,FALSE,NA,NA
"It‚Äôs still cold ü•∂ out...so I‚Äôll just stay here inside with the sun through the window ü•∞#cute #buddy #cockapoo‚Ä¶ https://t.co/ZQYAqOKZSF",FALSE,0,NA,2019-03-07 16:01:25,TRUE,NA,"1103687103932784640",NA,"<a href=\"http://instagram.com\" rel=\"nofollow\">Instagram</a>","lexa1969",0,FALSE,FALSE,NA,NA
"Warm weather blows in on a cold wind.",FALSE,0,NA,2019-03-07 16:01:24,FALSE,NA,"1103687097930534912",NA,"<a href=\"https://about.twitter.com/products/tweetdeck\" rel=\"nofollow\">TweetDeck</a>","PerlStalker",0,FALSE,FALSE,NA,NA
"Good morning cats ! Looking forward to another pawty weekend - Babette and I are tired of the cold! Here comes the‚Ä¶ https://t.co/KRr3VYWho6",FALSE,0,NA,2019-03-07 16:01:23,TRUE,NA,"1103687093316919296",NA,"<a href=\"http://instagram.com\" rel=\"nofollow\">Instagram</a>","paulinestdenis1",0,FALSE,FALSE,NA,NA
"RT @BooksandtheArts: McAdams handles both the global sweep and the local details of the history he covers with an impressive assurance and‚Ä¶",FALSE,0,NA,2019-03-07 16:01:22,FALSE,NA,"1103687090921979904",NA,"<a href=\"http://www.socialflow.com\" rel=\"nofollow\">SocialFlow</a>","thenation",2,TRUE,FALSE,NA,NA
"i‚Äôm gonna have a lil sippy don‚Äôt mind me üç∑‚Äùclink‚Äù.... wishing i had luxurious jewelry to shine and blind people as‚Ä¶ https://t.co/wODShfVuPS",FALSE,0,NA,2019-03-07 16:01:22,TRUE,NA,"1103687088405397504",NA,"<a href=\"http://twitter.com/download/iphone\" rel=\"nofollow\">Twitter for iPhone</a>","spicebabybush",0,FALSE,FALSE,NA,NA
"RT @ubazxo: Why did teachers used to get so offended when u wore your jacket in the class like bitch im just cold and ur acting like ive go‚Ä¶",FALSE,0,NA,2019-03-07 16:01:20,FALSE,NA,"1103687081140862978",NA,"<a href=\"http://twitter.com/download/iphone\" rel=\"nofollow\">Twitter for iPhone</a>","realitygirliee",2655,TRUE,FALSE,NA,NA
"RT @daisymarquez_: I‚Äôm sick and tired of this cold shitty weather",FALSE,0,NA,2019-03-07 16:01:20,FALSE,NA,"1103687080872497152",NA,"<a href=\"http://twitter.com/download/iphone\" rel=\"nofollow\">Twitter for iPhone</a>","Deenisse_r",6306,TRUE,FALSE,NA,NA
"RT @FOX46News: #BREAKING A 'HEINOUS CRIME': An arrest has been made in the murders of 4 people in south Charlotte. @CMPD says they're confi‚Ä¶",FALSE,0,NA,2019-03-07 16:01:20,FALSE,NA,"1103687080591396865",NA,"<a href=\"https://about.twitter.com/products/tweetdeck\" rel=\"nofollow\">TweetDeck</a>","RochelleFox46",4,TRUE,FALSE,NA,NA
"Pneumonia is a common &amp; very serious lung infection that can affect people of all ages, particularly during cold &amp;‚Ä¶ https://t.co/93DEOcYDbF",FALSE,0,NA,2019-03-07 16:01:19,TRUE,NA,"1103687077458137088",NA,"<a href=\"https://www.hootsuite.com\" rel=\"nofollow\">Hootsuite Inc.</a>","rediclinic",0,FALSE,FALSE,NA,NA
"RT @DammitRooster: üî•Pre Friday update:

It‚Äôs cold!ü•∂ https://t.co/IHEQH2xo4e",FALSE,0,NA,2019-03-07 16:01:18,FALSE,NA,"1103687074706792451",NA,"<a href=\"http://twitter.com/download/android\" rel=\"nofollow\">Twitter for Android</a>","Beta_Shades",2,TRUE,FALSE,NA,NA
"I woke up this morning and I had all the blankets and Steve was on the edge of the bed cold to the touch LMAOOOO üòÇ",FALSE,0,NA,2019-03-07 16:01:18,FALSE,NA,"1103687073020538880",NA,"<a href=\"http://twitter.com/download/iphone\" rel=\"nofollow\">Twitter for iPhone</a>","_Gabrielaaaaa_",0,FALSE,FALSE,NA,NA
"RT @ubazxo: Why did teachers used to get so offended when u wore your jacket in the class like bitch im just cold and ur acting like ive go‚Ä¶",FALSE,0,NA,2019-03-07 16:01:18,FALSE,NA,"1103687071548538880",NA,"<a href=\"http://twitter.com/download/iphone\" rel=\"nofollow\">Twitter for iPhone</a>","seifukoi",2655,TRUE,FALSE,NA,NA
"RT @WinBernieWin: My depression is like the Pacific Ocean. Vast, turbulent, and always cold.",FALSE,0,NA,2019-03-07 16:01:17,FALSE,NA,"1103687070348906501",NA,"<a href=\"http://twitter.com\" rel=\"nofollow\">Twitter Web Client</a>","benigma2017",5,TRUE,FALSE,NA,NA
"RT @daisymarquez_: I‚Äôm sick and tired of this cold shitty weather",FALSE,0,NA,2019-03-07 16:01:16,FALSE,NA,"1103687065504501761",NA,"<a href=\"http://twitter.com/download/iphone\" rel=\"nofollow\">Twitter for iPhone</a>","solimarjimenez_",6306,TRUE,FALSE,NA,NA
"RT @ubazxo: Why did teachers used to get so offended when u wore your jacket in the class like bitch im just cold and ur acting like ive go‚Ä¶",FALSE,0,NA,2019-03-07 16:01:15,FALSE,NA,"1103687061704306690",NA,"<a href=\"http://twitter.com/download/iphone\" rel=\"nofollow\">Twitter for iPhone</a>","bellereyess",2655,TRUE,FALSE,NA,NA
"It‚Äôs a stone cold lock that Rickie will always have a huge # on his scorecard no matter the round. Dude just can‚Äôt avoid them.",FALSE,0,NA,2019-03-07 16:01:15,FALSE,NA,"1103687061108858888",NA,"<a href=\"http://twitter.com/download/iphone\" rel=\"nofollow\">Twitter for iPhone</a>","BlaireWestall",0,FALSE,FALSE,NA,NA
"I hate being sick and I hate the doctor's office.... been here for 2.5 hours supposed tho have the flu but now I'm‚Ä¶ https://t.co/YPg8dOnCmJ",FALSE,0,NA,2019-03-07 16:01:14,TRUE,NA,"1103687055027113984",NA,"<a href=\"http://twitter.com/download/android\" rel=\"nofollow\">Twitter for Android</a>","fishman_d33",0,FALSE,FALSE,NA,NA
"RT @Mizike__: Family: how‚Äôs college going?

Me: 
https://t.co/cBlReYusnR",FALSE,0,NA,2019-03-07 16:01:13,FALSE,NA,"1103687052154060801",NA,"<a href=\"http://twitter.com/download/iphone\" rel=\"nofollow\">Twitter for iPhone</a>","Charlie_flu",5572,TRUE,FALSE,NA,NA
"RT @ubazxo: Why did teachers used to get so offended when u wore your jacket in the class like bitch im just cold and ur acting like ive go‚Ä¶",FALSE,0,NA,2019-03-07 16:01:13,FALSE,NA,"1103687050568654848",NA,"<a href=\"http://twitter.com/download/iphone\" rel=\"nofollow\">Twitter for iPhone</a>","nayelibtzz",2655,TRUE,FALSE,NA,NA
"@WeatherGarrett @Jackson_Dill It actually got really cold up here. I thought it was only gonna get into the upper 5‚Ä¶ https://t.co/ae0RZafrUY",FALSE,1,"raileyky",2019-03-07 16:01:12,TRUE,"1103686787157934084","1103687050023313408","775296888237096960","<a href=\"http://twitter.com/download/iphone\" rel=\"nofollow\">Twitter for iPhone</a>","raileyky",0,FALSE,FALSE,NA,NA
"Drinking Ice cold water helps metabolism because your body burns calories to keep your core temperature at it's normal range.",FALSE,0,NA,2019-03-07 16:01:11,FALSE,NA,"1103687045363437568",NA,"<a href=\"http://seo-max.blogspot.com/\" rel=\"nofollow\">MID WEST USA Flash</a>","DallasHub",0,FALSE,FALSE,NA,NA
"text","favorited","favoriteCount","replyToSN","created","truncated","replyToSID","id","replyToUID","statusSource","screenName","retweetCount","isRetweet","retweeted","longitude","latitude"
"RT @AudreyKitching: The physical body can feel very hot, cold, tingly and uncomfortable during this transitional portal we are in. Life is‚Ä¶",FALSE,0,NA,2019-03-07 16:04:45,FALSE,NA,"1103687942588059648",NA,"<a href=\"http://twitter.com/download/android\" rel=\"nofollow\">Twitter for Android</a>","slyassfay",4,TRUE,FALSE,NA,NA
"Movie 3 is still good I am just in a very cold room so I didn't wanna sit through it like I wanted to. I'm gonna tr‚Ä¶ https://t.co/ST7bXSi48B",FALSE,0,NA,2019-03-07 16:04:45,TRUE,NA,"1103687942529269760",NA,"<a href=\"http://twitter.com\" rel=\"nofollow\">Twitter Web Client</a>","pankekibara",0,FALSE,FALSE,NA,NA
"RT @FOX46News: #BREAKING A 'HEINOUS CRIME': An arrest has been made in the murders of 4 people in south Charlotte. @CMPD says they're confi‚Ä¶",FALSE,0,NA,2019-03-07 16:04:44,FALSE,NA,"1103687935982006274",NA,"<a href=\"http://twitter.com/download/iphone\" rel=\"nofollow\">Twitter for iPhone</a>","Sincerely_Ciara",5,TRUE,FALSE,NA,NA
"RT @Progressive: Cold temperatures sometimes mean dead car batteries. Here‚Äôs a step-by-step guide on how to jump your car and get back on t‚Ä¶",FALSE,0,NA,2019-03-07 16:04:42,FALSE,NA,"1103687930940440577",NA,"<a href=\"http://twitter.com\" rel=\"nofollow\">Twitter Web Client</a>","claimsplanet",25,TRUE,FALSE,NA,NA
"@SonsOfReaganAlt @News12NJ Umm no agenda being pushed. We complain about the cold. We complain about the heat. It‚Äôs what we do.",FALSE,0,"SonsOfReaganAlt",2019-03-07 16:04:42,FALSE,"1103672244881014784","1103687930848137216","881552709605871620","<a href=\"http://twitter.com/download/iphone\" rel=\"nofollow\">Twitter for iPhone</a>","DaveCurren",0,FALSE,FALSE,NA,NA
"RT @lmsixel: Hot summer and cold winter set new electricity records https://t.co/yUz9a4ArEO via @houstonchron",FALSE,0,NA,2019-03-07 16:04:41,FALSE,NA,"1103687926481907715",NA,"<a href=\"http://twitter.com\" rel=\"nofollow\">Twitter Web Client</a>","TexasROSEorg",1,TRUE,FALSE,NA,NA
"I‚Äôm cold.",FALSE,0,NA,2019-03-07 16:04:41,FALSE,NA,"1103687923667554304",NA,"<a href=\"http://twitter.com/download/iphone\" rel=\"nofollow\">Twitter for iPhone</a>","Alice_berteeee",0,FALSE,FALSE,NA,NA
"RT @JacySellers: When a local obituary triggers Norah's ghostly nightmares, she realizes the circumstances of the deceased's death mirror a‚Ä¶",FALSE,0,NA,2019-03-07 16:04:39,FALSE,NA,"1103687915752837120",NA,"<a href=\"http://twitter.com\" rel=\"nofollow\">Twitter Web Client</a>","jbrandonlowry",149,TRUE,FALSE,NA,NA
"RT @shes_rADIAnt: üó£MARCH IS A WINTER MONTH

Spring literally doesn‚Äôt begin til the very end of March. We‚Äôve got to stop being surprised whe‚Ä¶",FALSE,0,NA,2019-03-07 16:04:35,FALSE,NA,"1103687901643182081",NA,"<a href=\"http://twitter.com/download/iphone\" rel=\"nofollow\">Twitter for iPhone</a>","Chillinontop",13,TRUE,FALSE,NA,NA
"i need some soup and some crackers and my mama. I think I got a cold. This is the end. https://t.co/OXmHx8K0wo",FALSE,0,NA,2019-03-07 16:04:35,FALSE,NA,"1103687898321338368",NA,"<a href=\"http://twitter.com\" rel=\"nofollow\">Twitter Web Client</a>","mrgoodbeard__",1,FALSE,FALSE,NA,NA
"RT @JocAPhotography: A Red-bellied Woodpecker takes his time before selecting a peanut. Maybe he was enjoying the warmth from my hand on th‚Ä¶",FALSE,0,NA,2019-03-07 16:04:31,FALSE,NA,"1103687884949868544",NA,"<a href=\"http://twitter.com/download/android\" rel=\"nofollow\">Twitter for Android</a>","Undeadprincess",491,TRUE,FALSE,NA,NA
"RT @ubazxo: Why did teachers used to get so offended when u wore your jacket in the class like bitch im just cold and ur acting like ive go‚Ä¶",FALSE,0,NA,2019-03-07 16:04:30,FALSE,NA,"1103687880264830976",NA,"<a href=\"http://twitter.com/download/iphone\" rel=\"nofollow\">Twitter for iPhone</a>","satin_pussah",2667,TRUE,FALSE,NA,NA
"RT @repressedthesis: this man isn't real like im convinced hozier is our emotional support fever dream https://t.co/gVMjk0KCCz",FALSE,0,NA,2019-03-07 16:04:30,FALSE,NA,"1103687879014866944",NA,"<a href=\"http://twitter.com/download/iphone\" rel=\"nofollow\">Twitter for iPhone</a>","bettiebloodshed",67,TRUE,FALSE,NA,NA
"On a cold Seattle night, Girl Scouts outside a grocery store were¬†allegedly robbed by a man who returned cookies. P‚Ä¶ https://t.co/GmolwonqaN",FALSE,0,NA,2019-03-07 16:04:30,TRUE,NA,"1103687878482321408",NA,"<a href=\"http://www.socialnewsdesk.com\" rel=\"nofollow\">SocialNewsDesk</a>","KitsapSun",0,FALSE,FALSE,NA,NA
"Them cramps hit different when it‚Äôs cold ü•∂üò©",FALSE,0,NA,2019-03-07 16:04:29,FALSE,NA,"1103687873860116481",NA,"<a href=\"http://twitter.com/download/iphone\" rel=\"nofollow\">Twitter for iPhone</a>","thatsImani",0,FALSE,FALSE,NA,NA
"RT @ubazxo: Why did teachers used to get so offended when u wore your jacket in the class like bitch im just cold and ur acting like ive go‚Ä¶",FALSE,0,NA,2019-03-07 16:04:27,FALSE,NA,"1103687866180263936",NA,"<a href=\"http://twitter.com/download/iphone\" rel=\"nofollow\">Twitter for iPhone</a>","swagmoneystas",2667,TRUE,FALSE,NA,NA
"Was cold at the beach. Literally put my hoodie up right after this https://t.co/zkN2UMLXDf",FALSE,0,NA,2019-03-07 16:04:26,FALSE,NA,"1103687861134655494",NA,"<a href=\"http://twitter.com/download/iphone\" rel=\"nofollow\">Twitter for iPhone</a>","O_Lulu_",0,FALSE,FALSE,NA,NA
"RT @ubazxo: Why did teachers used to get so offended when u wore your jacket in the class like bitch im just cold and ur acting like ive go‚Ä¶",FALSE,0,NA,2019-03-07 16:04:24,FALSE,NA,"1103687853127671810",NA,"<a href=\"http://twitter.com/download/iphone\" rel=\"nofollow\">Twitter for iPhone</a>","Young_Wiki",2667,TRUE,FALSE,NA,NA
"SWEETIE ITS COLD YOU SHPUKD BUNDLE UP https://t.co/5R7pcOm27u",FALSE,0,NA,2019-03-07 16:04:23,FALSE,NA,"1103687851508609024",NA,"<a href=\"http://twitter.com/download/android\" rel=\"nofollow\">Twitter for Android</a>","Sf9_kyk",0,FALSE,FALSE,NA,NA
"RT @JazzShaw: Baby it's Cold Outside was deemed too insensitive to women, but I just heard Hendrix's \"Hey Joe\" on the classic rock station‚Ä¶",FALSE,0,NA,2019-03-07 16:04:21,FALSE,NA,"1103687840905474051",NA,"<a href=\"http://twitter.com/download/android\" rel=\"nofollow\">Twitter for Android</a>","mkos66",3,TRUE,FALSE,NA,NA
"RT @AndreaNicoleM15: I have baby fever so bad üò©üò©",FALSE,0,NA,2019-03-07 16:04:21,FALSE,NA,"1103687840121176068",NA,"<a href=\"http://twitter.com/download/iphone\" rel=\"nofollow\">Twitter for iPhone</a>","_ItsAbellyca",3,TRUE,FALSE,NA,NA
"@CardsNCowboyz Like when you have a chest cold and take that Mucinex stuff, your head feels fuzzy then you start coughing up regrets.",FALSE,0,"CardsNCowboyz",2019-03-07 16:04:19,FALSE,"1103684114484527105","1103687834358079489","831535164236902400","<a href=\"http://twitter.com/download/iphone\" rel=\"nofollow\">Twitter for iPhone</a>","ndsway",0,FALSE,FALSE,NA,NA
"RT @AudreyKitching: The physical body can feel very hot, cold, tingly and uncomfortable during this transitional portal we are in. Life is‚Ä¶",FALSE,0,NA,2019-03-07 16:04:19,FALSE,NA,"1103687831053127683",NA,"<a href=\"http://twitter.com/download/iphone\" rel=\"nofollow\">Twitter for iPhone</a>","filledwmagick",4,TRUE,FALSE,NA,NA
"RT @robinmarty: but wait, there‚Äôs more - according to the teen‚Äôs father, the ‚Äúfather‚Äù was pressuring the girl, who at that point was 16, in‚Ä¶",FALSE,0,NA,2019-03-07 16:04:18,FALSE,NA,"1103687827915567105",NA,"<a href=\"https://mobile.twitter.com\" rel=\"nofollow\">Twitter Web App</a>","Commissar_Jane",40,TRUE,FALSE,NA,NA
"RT @allisarose: Not to be dramatic or anything but I can‚Äôt go through one more cold day",FALSE,0,NA,2019-03-07 16:04:18,FALSE,NA,"1103687827403898882",NA,"<a href=\"http://twitter.com/download/iphone\" rel=\"nofollow\">Twitter for iPhone</a>","mama_nikka",106,TRUE,FALSE,NA,NA
"@ANT_NYC1 I did lol https://t.co/jUSPYM9TGE",FALSE,0,"ANT_NYC1",2019-03-07 16:04:17,FALSE,"1103687283205685248","1103687824455487488","1115698494","<a href=\"http://twitter.com/download/iphone\" rel=\"nofollow\">Twitter for iPhone</a>","Retro_Fever",0,FALSE,FALSE,NA,NA
"RT @mrC69: @patrickreilly89 It‚Äôs reality. This is why Justin Trudeau moved Cold Lake operations to Ottawa. Or did everyone miss that? #abpo‚Ä¶",FALSE,0,NA,2019-03-07 16:04:16,FALSE,NA,"1103687818520510464",NA,"<a href=\"http://twitter.com/download/android\" rel=\"nofollow\">Twitter for Android</a>","DougHawk",1,TRUE,FALSE,NA,NA
"Just in case anyone has baby fever. Full time care for a infant at daycare is $270 per week üôÉ",FALSE,0,NA,2019-03-07 16:04:15,FALSE,NA,"1103687818000416769",NA,"<a href=\"http://twitter.com/download/iphone\" rel=\"nofollow\">Twitter for iPhone</a>","ixvimcmxciv",0,FALSE,FALSE,NA,NA
"@fairy_sherlock That's one of the most frustrating parts of having a cold! üòÇ you may look fine otherwise, but the c‚Ä¶ https://t.co/s6Iq4E2mr4",FALSE,0,"fairy_sherlock",2019-03-07 16:04:09,TRUE,"1103687299718623234","1103687791500759041","949982650172833792","<a href=\"http://twitter.com/download/android\" rel=\"nofollow\">Twitter for Android</a>","ObvslySherlock",0,FALSE,FALSE,NA,NA
"@JKPbeebop You're making us blush. And that's not easy when it's cold AF. So we're adding a quarter to our‚Ä¶ https://t.co/R0GA4v4r2m",FALSE,0,"JKPbeebop",2019-03-07 16:04:07,TRUE,"1103620615242682368","1103687781988093952","2263439413","<a href=\"http://hotels.com\" rel=\"nofollow\">Hotel.com Swear Jar</a>","hotelsdotcom",0,FALSE,FALSE,NA,NA
"RT @rayinbow_: Really over this cold ass weather",FALSE,0,NA,2019-03-07 16:04:07,FALSE,NA,"1103687781627412480",NA,"<a href=\"http://twitter.com/download/iphone\" rel=\"nofollow\">Twitter for iPhone</a>","bombassj_",46,TRUE,FALSE,NA,NA
"Doc called it an inflamed bronchitis (bad cold). Prescribed some pills and an inhaler. I think I'm gonna pull through.",FALSE,1,NA,2019-03-07 16:04:04,FALSE,NA,"1103687771389153280",NA,"<a href=\"http://twitter.com/download/android\" rel=\"nofollow\">Twitter for Android</a>","Minus1Digit",0,FALSE,FALSE,NA,NA
"The physical body can feel very hot, cold, tingly and uncomfortable during this transitional portal we are in. Life‚Ä¶ https://t.co/mLzHCMx9Hl",FALSE,18,NA,2019-03-07 16:04:04,TRUE,NA,"1103687767714906113",NA,"<a href=\"http://twitter.com/download/iphone\" rel=\"nofollow\">Twitter for iPhone</a>","AudreyKitching",4,FALSE,FALSE,NA,NA
"RT @stmices: On Wednesday, students and their families from St. Michael CES braved the cold weather and participated in walk or ride to sch‚Ä¶",FALSE,0,NA,2019-03-07 16:04:04,FALSE,NA,"1103687767714758664",NA,"<a href=\"http://twitter.com\" rel=\"nofollow\">Twitter Web Client</a>","stmices",1,TRUE,FALSE,NA,NA
"RT @daisymarquez_: I‚Äôm sick and tired of this cold shitty weather",FALSE,0,NA,2019-03-07 16:04:02,FALSE,NA,"1103687760748208128",NA,"<a href=\"http://twitter.com/download/iphone\" rel=\"nofollow\">Twitter for iPhone</a>","baleighaxo",6311,TRUE,FALSE,NA,NA
"RT @jojoiet: Florida: Cold out of nowhere
Me: https://t.co/oaKVCiVjwu",FALSE,0,NA,2019-03-07 16:04:01,FALSE,NA,"1103687756360892417",NA,"<a href=\"http://twitter.com/download/iphone\" rel=\"nofollow\">Twitter for iPhone</a>","_blackkamikaze",70,TRUE,FALSE,NA,NA
"RT @10TV: #BREAKING Health officials report a 3-year-old Columbus boy is the first local flu-associated pediatric death of the 2018-19 flu‚Ä¶",FALSE,0,NA,2019-03-07 16:04:01,FALSE,NA,"1103687755249397762",NA,"<a href=\"http://twitter.com/download/android\" rel=\"nofollow\">Twitter for Android</a>","ohiotimmons3",3,TRUE,FALSE,NA,NA
"RT @daisymarquez_: I‚Äôm sick and tired of this cold shitty weather",FALSE,0,NA,2019-03-07 16:04:00,FALSE,NA,"1103687752112132096",NA,"<a href=\"http://twitter.com/download/iphone\" rel=\"nofollow\">Twitter for iPhone</a>","moniizzle307",6311,TRUE,FALSE,NA,NA
"@terrymc13 @MickeyRyan1045 Pretty happy about this. Flu is that dude for me too https://t.co/5QiYKU7JpW",FALSE,1,"terrymc13",2019-03-07 16:03:58,FALSE,"1103682617751289856","1103687744159731715","129605773","<a href=\"http://twitter.com/download/iphone\" rel=\"nofollow\">Twitter for iPhone</a>","TheRealPres10",0,FALSE,FALSE,NA,NA
"RT @ColumbusHealth: CPH and @FC_PublicHealth are reporting the first local flu-associated pediatric death of the flu season, a 3-year-old m‚Ä¶",FALSE,0,NA,2019-03-07 16:03:58,FALSE,NA,"1103687744126099457",NA,"<a href=\"http://twitter.com\" rel=\"nofollow\">Twitter Web Client</a>","FC_PublicHealth",3,TRUE,FALSE,NA,NA
"RT @ubazxo: Why did teachers used to get so offended when u wore your jacket in the class like bitch im just cold and ur acting like ive go‚Ä¶",FALSE,0,NA,2019-03-07 16:03:57,FALSE,NA,"1103687740405604352",NA,"<a href=\"http://twitter.com/download/iphone\" rel=\"nofollow\">Twitter for iPhone</a>","peaceminusun",2667,TRUE,FALSE,NA,NA
"Back cold.",FALSE,0,NA,2019-03-07 16:03:56,FALSE,NA,"1103687737025150977",NA,"<a href=\"http://twitter.com/download/iphone\" rel=\"nofollow\">Twitter for iPhone</a>","CEOSiiinderella",0,FALSE,FALSE,NA,NA
"no bruh

you getting old by YO SELF

the woman you need will require investment of YOU entirely well before your li‚Ä¶ https://t.co/ENJ1icmwQX",FALSE,0,"beenCrown",2019-03-07 16:03:56,TRUE,"1103687729764859904","1103687734156320768","16954803","<a href=\"http://twitter.com/download/iphone\" rel=\"nofollow\">Twitter for iPhone</a>","beenCrown",0,FALSE,FALSE,NA,NA
"RT @JulieWeberr: I feel like I‚Äôve been cold for a week",FALSE,0,NA,2019-03-07 16:03:55,FALSE,NA,"1103687733678141440",NA,"<a href=\"http://twitter.com/download/iphone\" rel=\"nofollow\">Twitter for iPhone</a>","maddiezsarnay",1,TRUE,FALSE,NA,NA
"And my friends think IMMM cold cut. https://t.co/vU6mBOscZk",FALSE,1,NA,2019-03-07 16:03:55,FALSE,NA,"1103687733669781505",NA,"<a href=\"http://twitter.com/download/iphone\" rel=\"nofollow\">Twitter for iPhone</a>","Shutup_nDance",0,FALSE,FALSE,NA,NA
"RT @ubazxo: Why did teachers used to get so offended when u wore your jacket in the class like bitch im just cold and ur acting like ive go‚Ä¶",FALSE,0,NA,2019-03-07 16:03:53,FALSE,NA,"1103687724945555458",NA,"<a href=\"http://twitter.com/download/iphone\" rel=\"nofollow\">Twitter for iPhone</a>","laurenkmelendez",2667,TRUE,FALSE,NA,NA
"RT @10TV: #BREAKING Health officials report a 3-year-old Columbus boy is the first local flu-associated pediatric death of the 2018-19 flu‚Ä¶",FALSE,0,NA,2019-03-07 16:03:53,FALSE,NA,"1103687721829191680",NA,"<a href=\"http://twitter.com/download/iphone\" rel=\"nofollow\">Twitter for iPhone</a>","ReignMara",3,TRUE,FALSE,NA,NA
"RT @bobvulfov: u know he‚Äôs a real gentleman if u both come across puddle and he:

-stops u from stepping in it
-takes off his jacket and la‚Ä¶",FALSE,0,NA,2019-03-07 16:03:52,FALSE,NA,"1103687720885501953",NA,"<a href=\"http://twitter.com/download/android\" rel=\"nofollow\">Twitter for Android</a>","DeanLewis2099",297,TRUE,FALSE,NA,NA
"RT @rayinbow_: Really over this cold ass weather",FALSE,0,NA,2019-03-07 16:03:52,FALSE,NA,"1103687720466030593",NA,"<a href=\"http://twitter.com/download/iphone\" rel=\"nofollow\">Twitter for iPhone</a>","icierra_",46,TRUE,FALSE,NA,NA
"@Randygandalf95 @dexbonus My friend is a fan and big community member of the Critical Role show
And she goes to con‚Ä¶ https://t.co/Ei0L6FeQ8e",FALSE,0,"Mobius___Strip",2019-03-07 16:03:52,TRUE,"1103687136375644167","1103687718616346624","3198464815","<a href=\"http://twitter.com\" rel=\"nofollow\">Twitter Web Client</a>","Mobius___Strip",0,FALSE,FALSE,NA,NA
"@thatnicksmith09 Cool kids or cold kids?",FALSE,0,"thatnicksmith09",2019-03-07 16:03:50,FALSE,"1103687580019814405","1103687709594476545","1101642046429900800","<a href=\"http://twitter.com/download/iphone\" rel=\"nofollow\">Twitter for iPhone</a>","brock_mcgillis",0,FALSE,FALSE,NA,NA
"Cold WARNING and The Jet Stream Collapse | Polar Vortex/ Global Warming https://t.co/hPD9e7OAkl via @YouTube",FALSE,0,NA,2019-03-07 16:03:49,FALSE,NA,"1103687708579385345",NA,"<a href=\"http://twitter.com\" rel=\"nofollow\">Twitter Web Client</a>","immortal1_2",0,FALSE,FALSE,NA,NA
"I love whiskey, but this is a lie.  I cannot drink alcohol with a cold.  It makes my symptom's way worse https://t.co/40086t2jMW",FALSE,0,NA,2019-03-07 16:03:49,FALSE,NA,"1103687706180182016",NA,"<a href=\"http://www.facebook.com/twitter\" rel=\"nofollow\">Facebook</a>","CraigE16",0,FALSE,FALSE,NA,NA
"I might be a little cold, but I‚Äôm tired of explaining this to ppl!! https://t.co/hoFbWBZhC0",FALSE,0,NA,2019-03-07 16:03:48,FALSE,NA,"1103687702581518336",NA,"<a href=\"http://twitter.com/download/iphone\" rel=\"nofollow\">Twitter for iPhone</a>","KlarkeLee",0,FALSE,FALSE,NA,NA
"RT @daisymarquez_: I‚Äôm sick and tired of this cold shitty weather",FALSE,0,NA,2019-03-07 16:03:48,FALSE,NA,"1103687702212427776",NA,"<a href=\"http://twitter.com/download/iphone\" rel=\"nofollow\">Twitter for iPhone</a>","TheyAdoreCori_",6311,TRUE,FALSE,NA,NA
"I wanna do my makeup but my cold doesn‚Äôt.",FALSE,0,NA,2019-03-07 16:03:44,FALSE,NA,"1103687686114734080",NA,"<a href=\"http://twitter.com/download/iphone\" rel=\"nofollow\">Twitter for iPhone</a>","lxnau",0,FALSE,FALSE,NA,NA
"How am I ever going to live anywhere other than Fl when 70 degrees is cold to me",FALSE,0,NA,2019-03-07 16:03:43,FALSE,NA,"1103687683719741443",NA,"<a href=\"http://twitter.com/download/iphone\" rel=\"nofollow\">Twitter for iPhone</a>","taybwright",0,FALSE,FALSE,NA,NA
"It's so cold ‚ùÑÔ∏è",FALSE,0,NA,2019-03-07 16:03:43,FALSE,NA,"1103687683149385730",NA,"<a href=\"http://twitter.com/download/android\" rel=\"nofollow\">Twitter for Android</a>","Love_shakarose",0,FALSE,FALSE,NA,NA
"RT @PublicHealth: \"Our children, and our children‚Äôs children, have the opportunity to grow up in a world that is free from polio, measles a‚Ä¶",FALSE,0,NA,2019-03-07 16:03:43,FALSE,NA,"1103687682465525760",NA,"<a href=\"http://twitter.com/download/iphone\" rel=\"nofollow\">Twitter for iPhone</a>","Kellybertenthal",113,TRUE,FALSE,NA,NA
"RT @_chaachee: It‚Äôs cold outside :( check your cars for cats before leaving https://t.co/o3lLyOuIMl",FALSE,0,NA,2019-03-07 16:03:43,FALSE,NA,"1103687679714230279",NA,"<a href=\"http://twitter.com/download/iphone\" rel=\"nofollow\">Twitter for iPhone</a>","aricacopa",1542,TRUE,FALSE,NA,NA
"@JewelResists @Daves_n0t_here @activist360 @upsidedwnworld I'll be cold and dead before I just let this shit slide.",FALSE,0,"JewelResists",2019-03-07 16:03:41,FALSE,"1103495698991919105","1103687672504164352","929222432996712448","<a href=\"http://twitter.com\" rel=\"nofollow\">Twitter Web Client</a>","IanWhetstone",0,FALSE,FALSE,NA,NA
"RT @NWSNashville: And we thought it was cold here. https://t.co/7MMa7zs7B8",FALSE,0,NA,2019-03-07 16:03:40,FALSE,NA,"1103687669530402821",NA,"<a href=\"http://twitter.com/download/android\" rel=\"nofollow\">Twitter for Android</a>","debrabyrne7",121,TRUE,FALSE,NA,NA
"RT @JocAPhotography: A Red-bellied Woodpecker takes his time before selecting a peanut. Maybe he was enjoying the warmth from my hand on th‚Ä¶",FALSE,0,NA,2019-03-07 16:03:39,FALSE,NA,"1103687666804105216",NA,"<a href=\"http://twitter.com\" rel=\"nofollow\">Twitter Web Client</a>","GreyCaitlin",491,TRUE,FALSE,NA,NA
"Mar 7 - To get rid of blackheads: add four drops of honey to half a lemon. Rub this on your face for five minutes,‚Ä¶ https://t.co/WuAdVbCFV9",FALSE,0,NA,2019-03-07 16:03:38,TRUE,NA,"1103687660625899521",NA,"<a href=\"https://about.twitter.com/products/tweetdeck\" rel=\"nofollow\">TweetDeck</a>","JDKaneki",0,FALSE,FALSE,NA,NA
"Canada Geese ride the waves at Nelson Beach on a cold winter's day. https://t.co/OoBBXuhC3i",FALSE,0,NA,2019-03-07 16:03:38,FALSE,NA,"1103687659040444416",NA,"<a href=\"http://twitter.com/download/android\" rel=\"nofollow\">Twitter for Android</a>","dandydave56",0,FALSE,FALSE,NA,NA
"RT @USFWS: Not to be outdone, this woodcock put on an impressive display earlier this year at Moosehorn National Wildlife Refuge. Known for‚Ä¶",FALSE,0,NA,2019-03-07 16:03:37,FALSE,NA,"1103687654640701441",NA,"<a href=\"http://twitter.com/download/android\" rel=\"nofollow\">Twitter for Android</a>","MashiFred",121,TRUE,FALSE,NA,NA
"RT @souljaboy: Don‚Äôt put me inna position where I gotta show you how cold this heart gets ü§∑üèΩ‚Äç‚ôÇÔ∏è",FALSE,0,NA,2019-03-07 16:03:34,FALSE,NA,"1103687644108726272",NA,"<a href=\"http://twitter.com/download/iphone\" rel=\"nofollow\">Twitter for iPhone</a>","NaeYkt",4380,TRUE,FALSE,NA,NA
"struggling to even do 30 minutes of work today, so someone please make this stomach flu disappear at least before I see Robyn tomorrow üò∑",FALSE,0,NA,2019-03-07 16:03:33,FALSE,NA,"1103687641822883841",NA,"<a href=\"http://twitter.com\" rel=\"nofollow\">Twitter Web Client</a>","BreanneThomas",0,FALSE,FALSE,NA,NA
"i slowly feel this fever creeping on me",FALSE,0,NA,2019-03-07 16:03:33,FALSE,NA,"1103687640937889792",NA,"<a href=\"http://twitter.com\" rel=\"nofollow\">Twitter Web Client</a>","AlexxShortstuff",0,FALSE,FALSE,NA,NA
"@lynzie_R_L @MOONEMOTlCON Hahah I'm going to start letting you carry my keys on outings so you will be able to magi‚Ä¶ https://t.co/rJKFfaWxBN",FALSE,0,"lynzie_R_L",2019-03-07 16:03:33,TRUE,"1103615153021566976","1103687640094728197","965348155565817857","<a href=\"https://about.twitter.com/products/tweetdeck\" rel=\"nofollow\">TweetDeck</a>","Swiggy_iggz",0,FALSE,FALSE,NA,NA
"RT @JocAPhotography: A Red-bellied Woodpecker takes his time before selecting a peanut. Maybe he was enjoying the warmth from my hand on th‚Ä¶",FALSE,0,NA,2019-03-07 16:03:33,FALSE,NA,"1103687638006071296",NA,"<a href=\"http://twitter.com\" rel=\"nofollow\">Twitter Web Client</a>","jellyfeeble",491,TRUE,FALSE,NA,NA
"@AshtinGraham Baby fever üò≠",FALSE,0,"AshtinGraham",2019-03-07 16:03:31,FALSE,"1103445808941334528","1103687633249714181","797515478","<a href=\"http://twitter.com/download/iphone\" rel=\"nofollow\">Twitter for iPhone</a>","Ray1Destinee",0,FALSE,FALSE,NA,NA
"RT @_chaachee: It‚Äôs cold outside :( check your cars for cats before leaving https://t.co/o3lLyOuIMl",FALSE,0,NA,2019-03-07 16:03:30,FALSE,NA,"1103687627537113088",NA,"<a href=\"http://twitter.com/download/iphone\" rel=\"nofollow\">Twitter for iPhone</a>","ohadietavirpnwo",1542,TRUE,FALSE,NA,NA
"i always wanted to be on a bad behavior when Stone Cold Steve Austin music started with the glass breaking",FALSE,0,NA,2019-03-07 16:03:30,FALSE,NA,"1103687627415449600",NA,"<a href=\"http://twitter.com/download/iphone\" rel=\"nofollow\">Twitter for iPhone</a>","JESSY3D_AM",0,FALSE,FALSE,NA,NA
"RT @repressedthesis: this man isn't real like im convinced hozier is our emotional support fever dream https://t.co/gVMjk0KCCz",FALSE,0,NA,2019-03-07 16:03:30,FALSE,NA,"1103687626199126016",NA,"<a href=\"http://twitter.com/download/iphone\" rel=\"nofollow\">Twitter for iPhone</a>","gayseances",67,TRUE,FALSE,NA,NA
"RT @Gravery: Still can‚Äôt believe we had 20 billboards &amp; 25+ #Earpers for #WynonnainTimesSquare last night. Huge thanks to people who bought‚Ä¶",FALSE,0,NA,2019-03-07 16:03:30,FALSE,NA,"1103687625762848769",NA,"<a href=\"http://twitter.com/download/iphone\" rel=\"nofollow\">Twitter for iPhone</a>","vkspecialkv",26,TRUE,FALSE,NA,NA
"I have a cold. Im coming for death",FALSE,0,NA,2019-03-07 16:03:30,FALSE,NA,"1103687625477685248",NA,"<a href=\"http://twitter.com/download/android\" rel=\"nofollow\">Twitter for Android</a>","RayK_ScienceGay",0,FALSE,FALSE,NA,NA
"@Jaclynhill Been sick with the flu since Thursday of last weeküò´ was in the ER came out with 3 antibiotics finally f‚Ä¶ https://t.co/FMsAy3HnlM",FALSE,0,"Jaclynhill",2019-03-07 16:03:29,TRUE,"1103681153834369025","1103687622327595008","369238299","<a href=\"http://twitter.com/download/iphone\" rel=\"nofollow\">Twitter for iPhone</a>","msvaladez4",0,FALSE,FALSE,NA,NA
"RT @daisymarquez_: I‚Äôm sick and tired of this cold shitty weather",FALSE,0,NA,2019-03-07 16:03:29,FALSE,NA,"1103687621073612800",NA,"<a href=\"http://twitter.com\" rel=\"nofollow\">Twitter Web Client</a>","_norrmaaa",6311,TRUE,FALSE,NA,NA
"@Jaclynhill I only get the (real) flu once every 10 years, and it's no joke.  I just got over it. Thought I was goi‚Ä¶ https://t.co/k1NE2PL4Uu",FALSE,0,"Jaclynhill",2019-03-07 16:03:27,TRUE,"1103681153834369025","1103687615339851776","369238299","<a href=\"http://twitter.com/download/android\" rel=\"nofollow\">Twitter for Android</a>","sanderson_haley",0,FALSE,FALSE,NA,NA
"RT @rayinbow_: Really over this cold ass weather",FALSE,0,NA,2019-03-07 16:03:26,FALSE,NA,"1103687608582979585",NA,"<a href=\"https://mobile.twitter.com\" rel=\"nofollow\">Twitter Web App</a>","_deehowell",46,TRUE,FALSE,NA,NA
"RT @ubazxo: Why did teachers used to get so offended when u wore your jacket in the class like bitch im just cold and ur acting like ive go‚Ä¶",FALSE,0,NA,2019-03-07 16:03:25,FALSE,NA,"1103687605600825344",NA,"<a href=\"http://twitter.com/download/iphone\" rel=\"nofollow\">Twitter for iPhone</a>","JonPerez__",2667,TRUE,FALSE,NA,NA
"While it may still be cold outside, it won't be forever. Do you have a shade structure for the outdoor play area at‚Ä¶ https://t.co/OTBq5AtIpk",FALSE,0,NA,2019-03-07 16:03:22,TRUE,NA,"1103687591843516417",NA,"<a href=\"http://twitter.com\" rel=\"nofollow\">Twitter Web Client</a>","ShopBeckers",0,FALSE,FALSE,NA,NA
"RT @LawrenceKS_PD: Sure we can. Lots of layers. Pigs are actually more well suited for the cold than humans. Oink oink, Melissa. #LoveYourP‚Ä¶",FALSE,0,NA,2019-03-07 16:03:20,FALSE,NA,"1103687586059640832",NA,"<a href=\"http://twitter.com\" rel=\"nofollow\">Twitter Web Client</a>","SpotCrimeReport",276,TRUE,FALSE,NA,NA
"@markiplier Gotta keep up with the vitamin c and get some stuff for mucus because it holds bacteria and bacteria gr‚Ä¶ https://t.co/o22XSIr5WQ",FALSE,0,"markiplier",2019-03-07 16:03:19,TRUE,"1103686488800129026","1103687579696803840","517077573","<a href=\"http://twitter.com/download/android\" rel=\"nofollow\">Twitter for Android</a>","ddow1994",0,FALSE,FALSE,NA,NA
"RT @samischoen: 3+ hours of being stranded on a bus in Wyoming: 
There is no heat
Tensions are high 
Our food supply is diminishing 
The la‚Ä¶",FALSE,0,NA,2019-03-07 16:03:17,FALSE,NA,"1103687574697271297",NA,"<a href=\"http://twitter.com/download/iphone\" rel=\"nofollow\">Twitter for iPhone</a>","24mckayla",16,TRUE,FALSE,NA,NA
"RT @ubazxo: Why did teachers used to get so offended when u wore your jacket in the class like bitch im just cold and ur acting like ive go‚Ä¶",FALSE,0,NA,2019-03-07 16:03:16,FALSE,NA,"1103687568212848640",NA,"<a href=\"http://twitter.com/download/iphone\" rel=\"nofollow\">Twitter for iPhone</a>","MaireMRose",2667,TRUE,FALSE,NA,NA
"RT @JocAPhotography: A Red-bellied Woodpecker takes his time before selecting a peanut. Maybe he was enjoying the warmth from my hand on th‚Ä¶",FALSE,0,NA,2019-03-07 16:03:16,FALSE,NA,"1103687566614843394",NA,"<a href=\"http://twitter.com/#!/download/ipad\" rel=\"nofollow\">Twitter for iPad</a>","KWkq7",491,TRUE,FALSE,NA,NA
"Heated up Grape Nuts with honey is one of those perfect evening meals on a cold night when kids already ate &amp; nothi‚Ä¶ https://t.co/kh1uYpEVHO",FALSE,1,NA,2019-03-07 16:03:14,TRUE,NA,"1103687561770225666",NA,"<a href=\"https://mobile.twitter.com\" rel=\"nofollow\">Twitter Web App</a>","RoughDraft360",0,FALSE,FALSE,NA,NA
"Imma smoke two fat ass blunts today and then I‚Äôm going cold turkey",FALSE,0,NA,2019-03-07 16:03:13,FALSE,NA,"1103687557769060352",NA,"<a href=\"http://twitter.com/download/iphone\" rel=\"nofollow\">Twitter for iPhone</a>","KillJGo",0,FALSE,FALSE,NA,NA
"Below zero this AM in #WesternMass #Hilltowns! If you're looking for a birthday party venue for your kids when it's‚Ä¶ https://t.co/9mRjCCKVql",FALSE,0,NA,2019-03-07 16:03:11,TRUE,NA,"1103687546557497345",NA,"<a href=\"http://twitter.com\" rel=\"nofollow\">Twitter Web Client</a>","HilltwnFamilies",0,FALSE,FALSE,NA,NA
"Somebody must be cold....weirdo https://t.co/C3ss19W471",FALSE,0,NA,2019-03-07 16:03:10,FALSE,NA,"1103687544364036097",NA,"<a href=\"http://twitter.com/download/android\" rel=\"nofollow\">Twitter for Android</a>","gamergoddess07",0,FALSE,FALSE,NA,NA
"All I know is that I better not be getting the flu and I if I do I‚Äôm going to blame it on my grandma for taking car‚Ä¶ https://t.co/HAUvPoFPY6",FALSE,0,NA,2019-03-07 16:03:10,TRUE,NA,"1103687544192016387",NA,"<a href=\"http://twitter.com/download/iphone\" rel=\"nofollow\">Twitter for iPhone</a>","riogabi1",0,FALSE,FALSE,NA,NA
"RT @ubazxo: Why did teachers used to get so offended when u wore your jacket in the class like bitch im just cold and ur acting like ive go‚Ä¶",FALSE,0,NA,2019-03-07 16:03:09,FALSE,NA,"1103687539427344387",NA,"<a href=\"http://twitter.com/download/iphone\" rel=\"nofollow\">Twitter for iPhone</a>","queer_asf",2667,TRUE,FALSE,NA,NA
"Why do we need to build #IoT devices right now? Marco thinks the answer is pretty simple: because they enable a mor‚Ä¶ https://t.co/pg23XPXYUu",FALSE,0,NA,2019-03-07 16:03:08,TRUE,NA,"1103687536009007104",NA,"<a href=\"http://twitter.com\" rel=\"nofollow\">Twitter Web Client</a>","MMIDGroup",0,FALSE,FALSE,NA,NA
"RT @shes_rADIAnt: üó£MARCH IS A WINTER MONTH

Spring literally doesn‚Äôt begin til the very end of March. We‚Äôve got to stop being surprised whe‚Ä¶",FALSE,0,NA,2019-03-07 16:03:07,FALSE,NA,"1103687530405216256",NA,"<a href=\"http://twitter.com/download/iphone\" rel=\"nofollow\">Twitter for iPhone</a>","TheTyraTales",13,TRUE,FALSE,NA,NA
"@rose_kade @JohnC1908 @Demetrius82 Still a cold take. That‚Äôs 20+ picks lol",FALSE,0,"rose_kade",2019-03-07 16:03:07,FALSE,"1103671064922636288","1103687529822334976","2806153491","<a href=\"http://twitter.com/download/iphone\" rel=\"nofollow\">Twitter for iPhone</a>","alexcaterpillar",0,FALSE,FALSE,NA,NA
"Just got a message from my boss about how we can‚Äôt cough if the health inspector is in the building........ while t‚Ä¶ https://t.co/VEcY1PqCU0",FALSE,0,NA,2019-03-07 16:03:07,TRUE,NA,"1103687528714891266",NA,"<a href=\"http://twitter.com/download/iphone\" rel=\"nofollow\">Twitter for iPhone</a>","a_i_ngeI",0,FALSE,FALSE,NA,NA
"Got past 69 followers lay night I appreciate all of you that helped me reach this enjoy this video of a cold lizard https://t.co/ClBxal4mP3",FALSE,0,NA,2019-03-07 16:03:06,FALSE,NA,"1103687525913096192",NA,"<a href=\"http://twitter.com/download/iphone\" rel=\"nofollow\">Twitter for iPhone</a>","ragrover4",0,FALSE,FALSE,NA,NA
"RT @rayinbow_: Really over this cold ass weather",FALSE,0,NA,2019-03-07 16:03:05,FALSE,NA,"1103687521685377024",NA,"<a href=\"http://twitter.com/download/iphone\" rel=\"nofollow\">Twitter for iPhone</a>","_lightbrigght_",46,TRUE,FALSE,NA,NA
